<?xml version="1.0" encoding="UTF-8"?>
<beans xmlns="http://www.springframework.org/schema/beans"
	xmlns:xsi="http://www.w3.org/2001/XMLSchema-instance"
	xsi:schemaLocation="http://www.springframework.org/schema/beans http://www.springframework.org/schema/beans/spring-beans.xsd">
	
	<!-- Root Context: defines shared resources visible to all other web components -->
	
	<bean id="multipartResolver" class="org.springframework.web.multipart.commons.CommonsMultipartResolver">
		<!-- one of the properties available; the maximum file size in bytes -->
		<property name="maxUploadSize" value="5000000" />
	</bean>
	
	
		
<!-- 		<bean id="validator" class="javax.validation.Validator"></bean> -->
	
		<bean id="userValidator" class="com.neu.hmf.validator.UserValidator"></bean>
		<bean id="userDao" class="com.neu.hmf.dao.UserDAO" ></bean>
		
		<bean id="bdValidator" class="com.neu.hmf.validator.BusinessDescriptionValidator"></bean>
		<bean id="bdDao" class="com.neu.hmf.dao.BusinessDescriptionDAO" ></bean>
		
		<bean id="menuValidator" class="com.neu.hmf.validator.MenuValidator"></bean>
		<bean id="menuDao" class="com.neu.hmf.dao.MenuDAO" ></bean>
		
		<bean id="reviewValidator" class="com.neu.hmf.validator.ReviewValidator"></bean>
		<bean id="reviewDao" class="com.neu.hmf.dao.ReviewDAO" ></bean>
		
		<bean id="orderDao" class="com.neu.hmf.dao.OrderDAO" ></bean>
		<bean id="orderDetailsDao" class="com.neu.hmf.dao.OrderDetailsDAO" ></bean>
		
		<bean id="timingDao" class="com.neu.hmf.dao.TimingDAO" ></bean>
		<bean id="timeValidator" class="com.neu.hmf.validator.TimingValidator"></bean>
		
		<bean id="foodHandlerPermitDao" class="com.neu.hmf.dao.FoodHandlerPermitDAO" ></bean>
		<bean id="deliveryVerificationDao" class="com.neu.hmf.dao.DeliveryVerificationDAO" ></bean>
		<bean id="ppvDao" class="com.neu.hmf.dao.PayPalVerificationDAO" ></bean>
		<bean id="deliveryDao" class="com.neu.hmf.dao.DeliveryDAO" ></bean>
		
		
</beans>
