<?xml version="1.0" encoding="UTF-8"?>
<!DOCTYPE hibernate-configuration PUBLIC
		"-//Hibernate/Hibernate Configuration DTD 3.0//EN"
		"http://www.hibernate.org/dtd/hibernate-configuration-3.0.dtd">
<hibernate-configuration>
    <session-factory>
    
    <property name="hibernate.connection.driver_class">com.microsoft.sqlserver.jdbc.SQLServerDriver</property>
		<property name="hibernate.connection.url">jdbc:sqlserver://localhost:1433;databaseName=HMF;integratedSecurity=true;</property>

		<property name="hibernate.dialect">org.hibernate.dialect.SQLServerDialect</property> 
		

		<property name="hibernate.hbm2ddl.auto">update</property>
		<property name="hibernate.show_sql">true</property>

		<mapping class="com.neu.hmf.pojo.User" />
		<mapping class="com.neu.hmf.pojo.Address" />
		<mapping class="com.neu.hmf.pojo.Role" />
		<mapping class="com.neu.hmf.pojo.FoodHandlerPermit" />
		<mapping class="com.neu.hmf.pojo.DeliveryVerification" />
		<mapping class="com.neu.hmf.pojo.BusinessDescription" />
		<mapping class="com.neu.hmf.pojo.Menu" />
		<mapping class="com.neu.hmf.pojo.Review" />
		<mapping class="com.neu.hmf.pojo.Order" />
		<mapping class="com.neu.hmf.pojo.OrderDetails" />
		<mapping class="com.neu.hmf.pojo.PayPalVerification" />
		<mapping class="com.neu.hmf.pojo.Timing" />
		<mapping class="com.neu.hmf.pojo.Delivery" />

		
    </session-factory>
</hibernate-configuration>
